{
  "pools": [
    {
      "rolls": 1,
      "entries": [
        {
          "type": "minecraft:item",
          "name": "minecraft:poisonous_potato",
          "functions": [
            {
              "function": "minecraft:set_custom_data",
              "tag": "{Tamed-Potatoes:{raw_potato_type:8}}"
            },
            {
              "function": "minecraft:set_name",
              "entity": "this",
              "target": "item_name",
              "name": {
                "text": "Raw Chorus Potato",
                "color": "gold",
                "italic": false
              }
            },
            {
              "function": "minecraft:set_custom_model_data",
              "value": 50878
            },
            {
              "function": "minecraft:set_count",
              "count": 1
            }
          ]
        }
      ]
    }
  ]
}
