{
  "pools": [
    {
      "rolls": 1,
      "entries": [
        {
          "type": "minecraft:item",
          "name": "minecraft:carrot",
          "functions": [
            {
              "function": "minecraft:set_components",
              "components": {
                "minecraft:food": {
                  "nutrition": 3,
                  "saturation": 14.4,
                  "can_always_eat": true,
                  "effects": [
                    {
                      "effect": {
                        "id": "minecraft:instant_health",
                        "amplifier": 1,
                        "duration": 1
                      }
                    }
                  ]
                }
              }
            },
            {
              "function": "minecraft:set_custom_data",
              "tag": "{Tamed-Potatoes:{cooked_potato_type:3}}"
            },
            {
              "function": "minecraft:set_name",
              "entity": "this",
              "target": "item_name",
              "name": {
                "text": "Carrot Potato",
                "color": "gold",
                "italic": false
              }
            },
            {
              "function": "minecraft:set_custom_model_data",
              "value": 50877
            },
            {
              "function": "minecraft:set_count",
              "count": 1
            }
          ]
        }
      ]
    }
  ]
}
