{
  "pools": [
    {
      "rolls": 1,
      "entries": [
        {
          "type": "minecraft:item",
          "name": "minecraft:potato",
          "functions": [
            {
              "function": "minecraft:set_components",
              "components": {
                "minecraft:food": {
                  "nutrition": 4,
                  "saturation": 9.6,
                  "can_always_eat": true,
                  "effects": [
                    {
                      "effect": {
                        "id": "minecraft:fire_resistance",
                        "duration": 400
                      }
                    },
                    {
                      "effect": {
                        "id": "minecraft:resistance",
                        "duration": 400
                      }
                    },
                    {
                      "effect": {
                        "id": "minecraft:absorption",
                        "amplifier": 4,
                        "duration": 400
                      }
                    },
                    {
                      "effect": {
                        "id": "minecraft:regeneration",
                        "amplifier": 2,
                        "duration": 400
                      }
                    },
                    {
                      "effect": {
                        "id": "minecraft:glowing",
                        "duration": 400
                      }
                    }
                  ]
                }
              }
            },
            {
              "function": "minecraft:set_custom_data",
              "tag": "{Tamed-Potatoes:{cooked_potato_type:10}}"
            },
            {
              "function": "minecraft:set_name",
              "entity": "this",
              "target": "item_name",
              "name": {
                "text": "Golden Potato",
                "color": "gold",
                "italic": false
              }
            },
            {
              "function": "minecraft:set_custom_model_data",
              "value": 50872
            },
            {
              "function": "minecraft:set_count",
              "count": 1
            }
          ]
        }
      ]
    }
  ]
}
