{
  "pools": [
    {
      "rolls": 1,
      "entries": [
        {
          "type": "minecraft:item",
          "name": "minecraft:dried_kelp",
          "functions": [
            {
              "function": "minecraft:set_components",
              "components": {
                "minecraft:food": {
                  "nutrition": 1,
                  "saturation": 0.6,
                  "eat_seconds": 0.8,
                  "effects": [
                    {
                      "effect": {
                        "id": "minecraft:speed",
                        "amplifier": 2,
                        "duration": 20
                      }
                    }
                  ]
                }
              }
            },
            {
              "function": "minecraft:set_custom_data",
              "tag": "{Tamed-Potatoes:{cooked_potato_type:1}}"
            },
            {
              "function": "minecraft:set_name",
              "entity": "this",
              "target": "item_name",
              "name": {
                "text": "Sweet Potato",
                "color": "gold",
                "italic": false
              }
            },
            {
              "function": "minecraft:set_custom_model_data",
              "value": 50871
            },
            {
              "function": "minecraft:set_count",
              "count": 1
            }
          ]
        }
      ]
    }
  ]
}
