{
  "pools": [
    {
      "rolls": 1,
      "entries": [
        {
          "type": "minecraft:item",
          "name": "minecraft:sweet_berries",
          "functions": [
            {
              "function": "minecraft:set_components",
              "components": {
                "minecraft:food": {
                  "nutrition": 1,
                  "saturation": 0.4,
                  "effects": [
                    {
                      "effect": {
                        "id": "minecraft:slowness",
                        "amplifier": 2,
                        "duration": 300
                      }
                    }
                  ]
                }
              }
            },
            {
              "function": "minecraft:set_custom_data",
              "tag": "{Tamed-Potatoes:{cooked_potato_type:2}}"
            },
            {
              "function": "minecraft:set_name",
              "entity": "this",
              "target": "item_name",
              "name": {
                "text": "Unripe Potato",
                "color": "gold",
                "italic": false
              }
            },
            {
              "function": "minecraft:set_custom_model_data",
              "value": 50875
            },
            {
              "function": "minecraft:set_count",
              "count": 1
            }
          ]
        }
      ]
    }
  ]
}
