{
    "parent": "item/generated",
    "textures": {
        "layer0": "item/stick"
    },
    "overrides": [
    {"predicate": {"custom_model_data":508731}, "model": "tamed_potatoes:tamed_potatoes/breeding_boxes/breeding_box"}, 
    {"predicate": {"custom_model_data":508732}, "model": "tamed_potatoes:tamed_potatoes/breeding_boxes/breeding_box_planted"},
    {"predicate": {"custom_model_data":508733}, "model": "tamed_potatoes:tamed_potatoes/breeding_boxes/plant_big"},
    {"predicate": {"custom_model_data":508734}, "model": "tamed_potatoes:tamed_potatoes/breeding_boxes/plant_small"},
    {"predicate": {"custom_model_data":508735}, "model": "tamed_potatoes:tamed_potatoes/potato_cooker/potato_cooker"},
    {"predicate": {"custom_model_data":508737}, "model": "tamed_potatoes:tamed_potatoes/breeding_boxes/breeding_box_planted_real"}
  ]
}