{
  "pools": [
    {
      "rolls": 1,
      "entries": [
        {
          "type": "minecraft:loot_table",
          "value": "tamed_potatoes:cooked_potatoes/apple_potato",
          "functions": [
            {
              "function": "minecraft:set_count",
              "count": 5
            }
          ]
        },
        {
          "type": "minecraft:loot_table",
          "value": "tamed_potatoes:cooked_potatoes/berry_potato",
          "functions": [
            {
              "function": "minecraft:set_count",
              "count": 5
            }
          ]
        },
        {
          "type": "minecraft:loot_table",
          "value": "tamed_potatoes:cooked_potatoes/cake_potato",
          "functions": [
            {
              "function": "minecraft:set_count",
              "count": 5
            }
          ]
        },
        {
          "type": "minecraft:loot_table",
          "value": "tamed_potatoes:cooked_potatoes/carrot_potato",
          "functions": [
            {
              "function": "minecraft:set_count",
              "count": 5
            }
          ]
        },
        {
          "type": "minecraft:loot_table",
          "value": "tamed_potatoes:cooked_potatoes/chorus_potato",
          "functions": [
            {
              "function": "minecraft:set_count",
              "count": 5
            }
          ]
        },
        {
          "type": "minecraft:loot_table",
          "value": "tamed_potatoes:cooked_potatoes/cookie_potato",
          "functions": [
            {
              "function": "minecraft:set_count",
              "count": 5
            }
          ]
        },


        {
          "type": "minecraft:loot_table",
          "value": "tamed_potatoes:cooked_potatoes/golden_potato",
          "functions": [
            {
              "function": "minecraft:set_count",
              "count": 5
            }
          ]
        },
        {
          "type": "minecraft:loot_table",
          "value": "tamed_potatoes:cooked_potatoes/honey_potato",
          "functions": [
            {
              "function": "minecraft:set_count",
              "count": 5
            }
          ]
        },
        {
          "type": "minecraft:loot_table",
          "value": "tamed_potatoes:cooked_potatoes/melon_potato",
          "functions": [
            {
              "function": "minecraft:set_count",
              "count": 5
            }
          ]
        },
        {
          "type": "minecraft:loot_table",
          "value": "tamed_potatoes:cooked_potatoes/sweet_potato",
          "functions": [
            {
              "function": "minecraft:set_count",
              "count": 5
            }
          ]
        },
        {
          "type": "minecraft:loot_table",
          "value": "tamed_potatoes:cooked_potatoes/unknown_potato",
          "functions": [
            {
              "function": "minecraft:set_count",
              "count": 5
            }
          ]
        },
        {
          "type": "minecraft:loot_table",
          "value": "tamed_potatoes:cooked_potatoes/unripe_potato",
          "functions": [
            {
              "function": "minecraft:set_count",
              "count": 5
            }
          ]
        }
      ]
    }
  ]
}
