{
	"credit": "Made with Blockbench",
	"textures": {
		"0": "tamed_potatoes:tamed_potatoes/breeding_boxes/breeding_box",
		"1": "tamed_potatoes:tamed_potatoes/breeding_boxes/plant",
		"particle": "tamed_potatoes:tamed_potatoes/breeding_boxes/breeding_box"
	},
	"elements": [
		{
			"name": "dirt",
			"from": [0, 0, 0],
			"to": [16, 16, 16],
			"faces": {
				"north": {"uv": [0, 5, 8, 13], "texture": "#0"},
				"east": {"uv": [0, 5, 8, 13], "texture": "#0"},
				"south": {"uv": [0, 5, 8, 13], "texture": "#0"},
				"west": {"uv": [0, 5, 8, 13], "texture": "#0"},
				"up": {"uv": [8, 5, 16, 13], "texture": "#0"},
				"down": {"uv": [0, 7, 8, 13], "texture": "#0"}
			}
		},
		{
			"name": "plank",
			"from": [-4, 8, -1],
			"to": [20, 12, 0],
			"faces": {
				"north": {"uv": [0, 0.5, 12, 2.5], "texture": "#0"},
				"east": {"uv": [12, 0.5, 12.5, 2], "texture": "#0"},
				"south": {"uv": [0, 2.5, 12, 4.5], "texture": "#0"},
				"west": {"uv": [12, 0.5, 12.5, 2], "texture": "#0"},
				"up": {"uv": [0, 0, 12, 0.5], "texture": "#0"},
				"down": {"uv": [0, 4.5, 12, 5], "texture": "#0"}
			}
		},
		{
			"name": "plank",
			"from": [-1, 8, -4],
			"to": [0, 12, 20],
			"rotation": {"angle": 0, "axis": "y", "origin": [8.83883, 3, -2.47487]},
			"faces": {
				"north": {"uv": [12, 0.5, 12.5, 2], "texture": "#0"},
				"east": {"uv": [0, 2.5, 12, 4.5], "texture": "#0"},
				"south": {"uv": [12, 0.5, 12.5, 2], "texture": "#0"},
				"west": {"uv": [0, 0.5, 12, 2.5], "texture": "#0"},
				"up": {"uv": [0, 0, 12, 0.5], "rotation": 270, "texture": "#0"},
				"down": {"uv": [0, 4.5, 12, 5], "rotation": 90, "texture": "#0"}
			}
		},
		{
			"name": "plank",
			"from": [16, 8, -4],
			"to": [17, 12, 20],
			"rotation": {"angle": 0, "axis": "y", "origin": [8.25, 4, 8.25]},
			"faces": {
				"north": {"uv": [12, 0.5, 12.5, 2], "texture": "#0"},
				"east": {"uv": [0, 0.5, 12, 2.5], "texture": "#0"},
				"south": {"uv": [12, 0.5, 12.5, 2], "texture": "#0"},
				"west": {"uv": [0, 2.5, 12, 4.5], "texture": "#0"},
				"up": {"uv": [0, 0, 12, 0.5], "rotation": 90, "texture": "#0"},
				"down": {"uv": [0, 4.5, 12, 5], "rotation": 270, "texture": "#0"}
			}
		},
		{
			"name": "plank",
			"from": [-4, 8, 16],
			"to": [20, 12, 17],
			"rotation": {"angle": 0, "axis": "y", "origin": [8.25, 4, 8.25]},
			"faces": {
				"north": {"uv": [0, 2.5, 12, 4.5], "texture": "#0"},
				"east": {"uv": [12, 0.5, 12.5, 2], "texture": "#0"},
				"south": {"uv": [0, 0.5, 12, 2.5], "texture": "#0"},
				"west": {"uv": [12, 0.5, 12.5, 2], "texture": "#0"},
				"up": {"uv": [0, 0, 12, 0.5], "rotation": 180, "texture": "#0"},
				"down": {"uv": [0, 4.5, 12, 5], "rotation": 180, "texture": "#0"}
			}
		},
		{
			"from": [0, 10, 8.5],
			"to": [16, 31, 8.5],
			"rotation": {"angle": -45, "axis": "y", "origin": [8, 16, 8.5]},
			"faces": {
				"north": {"uv": [0, 5.5, 8, 16], "texture": "#1"},
				"east": {"uv": [0, 0, 1, 16], "texture": "#1"},
				"south": {"uv": [0, 5.5, 8, 16], "texture": "#1"},
				"west": {"uv": [0, 0, 1, 16], "texture": "#1"},
				"up": {"uv": [0, 0, 16, 1], "texture": "#1"},
				"down": {"uv": [0, 0, 16, 1], "texture": "#1"}
			}
		},
		{
			"from": [8, 10, 0.5],
			"to": [8, 32, 16.5],
			"rotation": {"angle": -45, "axis": "y", "origin": [8, 16, 8.5]},
			"faces": {
				"north": {"uv": [0, 0, 1, 16], "texture": "#1"},
				"east": {"uv": [0, 5, 8, 16], "texture": "#1"},
				"south": {"uv": [0, 0, 1, 16], "texture": "#1"},
				"west": {"uv": [0, 5, 8, 16], "texture": "#1"},
				"up": {"uv": [0, 0, 16, 1], "rotation": 270, "texture": "#1"},
				"down": {"uv": [0, 0, 16, 1], "rotation": 90, "texture": "#1"}
			}
		}
	],
	"display": {
		"head": {
			"translation": [0, -32, 0],
			"scale": [1.7, 1.7, 1.7]
		},
		"fixed": {
			"rotation": [90, 0, 0],
			"translation": [0, 0, -16],
			"scale": [2.1, 2.2, 2.1]
		}
	},
	"groups": [
		0,
		1,
		2,
		3,
		4,
		{
			"name": "group",
			"origin": [8, 16, 8.5],
			"color": 0,
			"nbt": "{}",
			"children": [5, 6]
		}
	]
}