{
	"credit": "Made with Blockbench",
	"textures": {
		"1": "tamed_potatoes:tamed_potatoes/breeding_boxes/plant"
	},
	"elements": [
		{
			"from": [8, 0, 0.5],
			"to": [8, 32, 16.5],
			"rotation": {"angle": -45, "axis": "y", "origin": [8, 16, 8.5]},
			"faces": {
				"north": {"uv": [0, 0, 1, 16], "texture": "#missing"},
				"east": {"uv": [8, 0, 16, 16], "texture": "#1"},
				"south": {"uv": [0, 0, 1, 16], "texture": "#missing"},
				"west": {"uv": [8, 0, 16, 16], "texture": "#1"},
				"up": {"uv": [0, 0, 16, 1], "rotation": 270, "texture": "#missing"},
				"down": {"uv": [0, 0, 16, 1], "rotation": 90, "texture": "#missing"}
			}
		},
		{
			"from": [0, 0, 8.5],
			"to": [16, 32, 8.5],
			"rotation": {"angle": -45, "axis": "y", "origin": [8, 16, 8.5]},
			"faces": {
				"north": {"uv": [8, 0, 16, 16], "texture": "#1"},
				"east": {"uv": [0, 0, 1, 16], "texture": "#missing"},
				"south": {"uv": [8, 0, 16, 16], "texture": "#1"},
				"west": {"uv": [0, 0, 1, 16], "texture": "#missing"},
				"up": {"uv": [0, 0, 16, 1], "texture": "#missing"},
				"down": {"uv": [0, 0, 16, 1], "texture": "#missing"}
			}
		}
	],
	"display": {
		"head": {
			"translation": [0, -32, 0],
			"scale": [1.6, 1.6, 1.6]
		}
	}
}